Walterdepoliticizes@gmail.com,Walter,Martin,pbkdf2:sha256:260000$S4JUWJoU07kI66fh$ced5c0afe6ebe67de0f62b67007b0fdcf0a55404bb6aaba99027460ccefc2fb1,"05713 Renee Mountains South Wayne, WY 82235",3170
Glendacollective@gmail.com,Glenda,Delcour,pbkdf2:sha256:260000$EAgi7PLnWf1SFUkU$011f1b93dbda05395498cb72738e8104c4579685e763ea53b9a32c87ea189b06,"45885 Christopher Loaf Eddieshire, AK 35207",4300
Edwinunderclasses@gmail.com,Edwin,Downey,pbkdf2:sha256:260000$5Gygt1kly0H8gxqj$e82ca3d58ff1a5bfecf14e24c955dbb9e4a61f506f36a2503f7f69b70de4c9e0,"02451 Holloway Ford Suite 912 Tuckermouth, ME 59707",6914
Edwinofficialty@gmail.com,Edwin,Johnson,pbkdf2:sha256:260000$SVsa1OwnRuobRFj9$8fb7d5fd08a0010956a9e8c0c387909ad11b04f908b3068297e2719257bb442f,"PSC 2046, Box 9198 APO AE 13631",647
Annemidquarter@gmail.com,Anne,Bruno,pbkdf2:sha256:260000$cFMjwwgMrZw0iopI$b71fd694d38b1aaf29a84c26c89edf2741d73393ff746706de0c59f6692a4b3f,"3684 Jose Squares Suite 257 Freemanville, TX 87527",8685
Guillerminamortalities@gmail.com,Guillermina,Pacheco,pbkdf2:sha256:260000$9PKcZMrmjpfxmFfp$c3cab855c21826b731074ffccdb2e028d44d157393f4ceaefdd8c0ede9bc4dfb,"74741 Pollard Burgs Apt. 777 North Joelbury, NM 86823",3954
Michelunresponsible@gmail.com,Michel,Merchant,pbkdf2:sha256:260000$3QYT8m9jYV3PCCSy$6ff6d30d0152fea97e6934d0f800c58c24f101450d22aa50d99d2c18d72855a1,"900 Walker Island Lisaport, MN 32657",5548
Clarapreventitive@gmail.com,Clara,Baer,pbkdf2:sha256:260000$sWD6ULLq8Lk2MFqe$fc186f5e0b5a9f763adab25e88aa21c04d5a7085b97c5516f954693721efaff4,"884 Bradley Lights Brianburgh, KS 19936",7952
Mikedouble-magnum@gmail.com,Mike,Thomas,pbkdf2:sha256:260000$pCdsfDqW0f2S6yDv$4f85826897ceb5905d20b6210bd64e5d01bf412bf92b7d27dc909b4baabf2840,"257 Douglas Plain Moorefort, AR 52168",79
Bonniecoqueluche@gmail.com,Bonnie,Chamberlain,pbkdf2:sha256:260000$fBhN29neyRVII8St$ec472673f9173c94672b4095b93baef485d8f2cdf85a7a3bbe9cabe5d2ea9c12,"89714 Davis Village Suite 587 New Lawrencemouth, MA 92638",5591
Annebouclée@gmail.com,Anne,Pastrana,pbkdf2:sha256:260000$vZ7Ky81VrhPGHODT$251d2445adb512b9fbc895b4461580b9f2f7e7751d138384a853c0ed4125362f,"3720 Melissa Alley North Marvin, MI 31511",301
Jamesuh-huh@gmail.com,James,Stephens,pbkdf2:sha256:260000$XgJtytex3bfeXSFf$238d21ba2016953568429182e4dc990e492cb6b605a59a878a973e1eccfbbed6,"7010 Love Track South Jenniferchester, WI 21311",9279
Wilmararefy@gmail.com,Wilma,Lancon,pbkdf2:sha256:260000$rsSRUCR9eymc5f5K$c8c041c053d678da927b365eb1bc42e810286ca79e0dd61951e4f521e854d5c7,"3558 Gray Divide Apt. 076 Stephenview, NV 93597",2220
Coraadvisees@gmail.com,Cora,Freeman,pbkdf2:sha256:260000$9L70GaXwkEbs9g9z$71863356bfe04bf4dd2f09af7a8d599d282e3093b92dce30e6a66e3edd96f003,"0260 Jesse Cliffs Melissabury, SD 21492",1534
Kristinaanchorage@gmail.com,Kristina,Rowell,pbkdf2:sha256:260000$Cwx9ZrN3klORj12a$2f5977e2fc64ae378b7460ecd832fd231d88fc58cf5c7aa1fae77e9e49331ffa,USNS Adams FPO AA 14825,9012
ChristinaCarduus@gmail.com,Christina,Santana,pbkdf2:sha256:260000$CHFfHKvKgZXoYTAq$d62dbc994d8d39723b1daa67da85094dd3a57159ae939ae3677f70ea7f20b5f2,"77551 Christopher Ranch Alexanderview, GA 64768",798
Henryfatuities@gmail.com,Henry,Welch,pbkdf2:sha256:260000$lsdLGEvGQk7uStgt$56a30268bad33d7c34ccd923a5e05d5e9db5c662b14aee119492d16b32b60d35,"PSC 8189, Box 7900 APO AA 05464",3178
Jessicagum-lancet@gmail.com,Jessica,Straka,pbkdf2:sha256:260000$yLM9MS2D4ehSo4O9$b2065269172c94a30603ea39f9fe7922d9dac76f0ae6f93a7a6d90213e35fbb4,"646 Gonzalez Junction Romeroberg, SC 78101",2232
Rogertrailbaston@gmail.com,Roger,Peek,pbkdf2:sha256:260000$esAelLimDGODRiii$e4c1b0e06d785abd7828e9ed425f80fb8059f01cf0f9e728f72e41d0c9429c1f,"03632 Heidi Mission Apt. 413 New Kennethville, ND 23664",74
Wilmatestudinata@gmail.com,Wilma,Daws,pbkdf2:sha256:260000$v68zSCjTEuLtY7me$70a06d0dc1bd775176fa39fb909a85b6e70cc227c5d6e4ff1bd1c53617170c01,"69136 Gonzalez Curve Bullockchester, WY 40132",7698
Matthewnephrotic@gmail.com,Matthew,Guzman,pbkdf2:sha256:260000$u3JKI9OWf18MqDDm$b1ed68e441c026533c14a4cebfe15db5e42faf924532dc4d8ffa339f39956213,"855 Owens Mill Apt. 063 Donnamouth, DE 19177",7765
Katieunrivaled@gmail.com,Katie,Pretty,pbkdf2:sha256:260000$gTfUUesGpQmImw52$ff70fe5b2ad314c532669cf2e79f1419ab3b33723de9f28d78c65a492435af78,"299 Steven Dale Hintonbury, OK 98185",2141
Karenreferents@gmail.com,Karen,Collins,pbkdf2:sha256:260000$cqCzPw30eAegoLOo$4c95796d53bb428700b6ab60737379dd2ee41d758dbd7391344903c4e73231fe,"385 Webb Port Apt. 608 Figueroaview, NE 65122",1676
Amysaignée@gmail.com,Amy,Brady,pbkdf2:sha256:260000$VgR2kyhtNUzeTG1A$fa7d8eaca83487256b4e874e0f517b581ab4cbfbb07c1f50e5630209a5d3ca6d,"9284 Martin Village North Kellyburgh, PA 18658",2774
Barbarahoodock@gmail.com,Barbara,Simson,pbkdf2:sha256:260000$E3ZtFu2DBXiZxtVV$8ada07d75287162e3bcc5a560d1dbcf32afd889049c3719701b3e6fb98d50118,"5450 Marcus Path Apt. 557 West Vickishire, WV 33597",5244
Stevenwedges@gmail.com,Steven,Bakken,pbkdf2:sha256:260000$3J7BKG5N03b7J6hP$232c9907ba395c0aec5bfae4a926a2b978b597d5ba4e5a6e3eb8d159ed1fca52,"261 Roberts Ports South Haroldchester, CA 35577",477
Glennmoiety@gmail.com,Glenn,Hightower,pbkdf2:sha256:260000$O2zjbXeZCHY0OHif$cc888e34dd9ecf573ad3c230cda6851194319a00cd7a70f81054236eabaa79d0,"48911 Kevin Spring East Alexport, AL 83687",3982
Michaelroopy@gmail.com,Michael,Barrett,pbkdf2:sha256:260000$bYD0G9WPdCxneg3z$45f60fb8797cb3549d11942ea31ce2ae3a63b6ad214469922a2bec3414f0ea3c,"06855 Lee Squares Davidmouth, KS 71479",6818
Ellamattocks@gmail.com,Ella,Hsieh,pbkdf2:sha256:260000$RpWzEbcA8aygPqdh$cc3eebb4422c200875963193f3a325de31d14b89a1da2fb0955e1e9cf0672718,"45132 Carter Turnpike Suite 662 Daviston, NE 81033",7259
Mikepluralia@gmail.com,Mike,Bell,pbkdf2:sha256:260000$A4WEJMVFBVHmDeQN$94c0fa266ea6072628fae534c4ec615fcaf3860032da185599c7502aa5dc792e,"24757 Gibbs Spring Apt. 389 Harryland, PA 28928",7200
Alimagazine@gmail.com,Ali,Buckner,pbkdf2:sha256:260000$NzL4ScJ6frkdrHEI$284dabc4650532aecf83a2580adbbe83bdcd22a81dc2ca3f1285572c93c2ee77,"12795 Michael Oval South Karenmouth, NV 61494",5773
Robertononaluminum@gmail.com,Roberto,Williams,pbkdf2:sha256:260000$cFWNlNlIbkepnYuK$30fcbed410b44a316f3f0efe5b1500f41118d78dc8963745f69c7f710a326049,"9627 Kayla Summit Sullivanborough, NV 15673",9031
Janicenoticed@gmail.com,Janice,Whittaker,pbkdf2:sha256:260000$Uz8DlgNfnKbJYMLb$e3eddd7594b558f5519d86b72c0016c4cc49dba10ef2a5df18299bb01d903c67,"834 Bailey Land Suite 210 Port Kaylaport, ME 92762",1854
Chrisscreeches@gmail.com,Chris,Henson,pbkdf2:sha256:260000$5XleCHy7mfbUeG4E$ae38134018500ee53d19ebe55267a4f3357be4e0f9e53db5d4d11a6835a9ca84,"89261 Cassandra Ford Apt. 749 Port Derekview, WY 46173",147
Marksynecdochal@gmail.com,Mark,Winters,pbkdf2:sha256:260000$2haYuGPo0CFfZzCd$09fb70e4e0af858e901c4aa2b762b2d191e02824ad13afb245246d38b5e293ea,"67447 Riddle View Apt. 052 Joshuafurt, IA 25744",9329
Dixiepibgorn@gmail.com,Dixie,Miranda,pbkdf2:sha256:260000$AUX9DeRfZw42o7XR$1554843ddc8d79738d85eb37b71c6e380b1e8f11b4e9a67f669cf41cf8192e1c,"6857 Davenport Haven Melissamouth, KY 97372",48
Peifilial@gmail.com,Pei,Justice,pbkdf2:sha256:260000$mGUnBnuXIlER5GPP$f2f6eda46ac00e57a21be2cd7147d319e4868551116450887f5069258b589606,"7454 Hall Dale Apt. 514 New Jonathanport, VT 87591",7766
Manuelacceptedly@gmail.com,Manuel,Dunlap,pbkdf2:sha256:260000$73k32qxbVKrKMFmK$325ff9fad0646e904bec8cc92f87c05cbd5ad07b3769cb1b133f8becff48a4f2,"113 Medina Pines Evansfort, UT 05945",6413
Robertintoxicating@gmail.com,Robert,Bullock,pbkdf2:sha256:260000$2M4I1trcXtrZfLnd$bf078cc726735371c5c7b9ffb39362c7b19fd854c0ce7a768ac7a5e8f5701bea,"PSC 9756, Box 5202 APO AP 43731",1457
Tammyawarning@gmail.com,Tammy,Mcreynolds,pbkdf2:sha256:260000$P4wNUEYu1ekfw9az$b97c5c34039a6f0798101a8333f03a27bd83380da3d4126cf1c99db208c29e70,"1993 Tom Village Suite 061 Steventown, NM 54880",3632
Jimtinware@gmail.com,Jim,Swinton,pbkdf2:sha256:260000$raJAT0xQWQnIK9fv$1b31755d67be55876acad69ff01400ce909ae7f5ab583c4430839c00aadd9244,USS Luna FPO AA 32582,8944
Angelatouchup@gmail.com,Angela,Griffin,pbkdf2:sha256:260000$jpLMF0LkimVNantw$60b6d1b6cff1ec8b8ff2f62090f48f3fb3cefc701120b3d8f0f122bc8e421624,"499 Michael Key Hugheston, ND 92371",5537
DebraMaykop@gmail.com,Debra,Hayes,pbkdf2:sha256:260000$A2rYXAE41x8kiAD8$bec7a239b568c29eb1834cb0d067d85dfe192bf30eab5867a26998bc046d6f91,"03415 Long Vista Elizabethville, VA 07069",3130
Valerieinexist@gmail.com,Valerie,Roman,pbkdf2:sha256:260000$AD4uVKM2QtCfIrez$9ca351a1fbf4a84f26e2a417d6c647797912309e9065a360e3b9fa35e18c0352,"613 Kim Inlet Suite 619 West Davidland, DE 15806",5723
Sarahbonnier@gmail.com,Sarah,Starr,pbkdf2:sha256:260000$0SIoxrlrc78fekBW$e55832c6fe2cb7e1f4b29b12f7da575906e712b567ef51280ec17a99ecf56f5d,"594 Misty Harbor Suite 726 Lake Franciscotown, IL 63135",9283
Annettewarmful@gmail.com,Annette,Hadden,pbkdf2:sha256:260000$y3Yd5vdGFADifbKp$c67f803385f759d3df6b8bafea3272453de31cd580c81ff11f058536b41e7ff2,"53090 Douglas Stravenue Apt. 588 Lake Jerrymouth, MA 57550",4201
Stevenpolyalcohols@gmail.com,Steven,Mckane,pbkdf2:sha256:260000$3Hso1g6hQzlL9bCM$2d7f9bdc0d0b5965c403a0d48f8ddc3453e3c727e10ede2281e67609e992333b,"984 Kathryn Circle Apt. 679 Andersonside, TX 83720",7868
Tracysurface-working@gmail.com,Tracy,Wilson,pbkdf2:sha256:260000$44Y63rJ3Xh4DiD3z$dc1b6570026a27cac92486d598a0fff611919d5c9680ae853cb945c382b96508,"485 Lynch Forks Weberhaven, TX 04079",5589
Chantaymilk-duct@gmail.com,Chantay,Meeks,pbkdf2:sha256:260000$gRkOxHOtOvlDaB29$7067adaee9893fe5edff6238bc7c45e28142d3442edda0bd564439a216a2c54d,"66370 Christina Drive North Michaelchester, NC 92094",8449
Monicaaccordingly@gmail.com,Monica,Ayala,pbkdf2:sha256:260000$WLLUYXNQu2YiNyOW$7f19c53a29013080e061b035c0631bf33d8d605f375198bc05e76d716994e74d,"7435 Carrillo Street Davidfurt, MO 28666",4916
Joycereconciler@gmail.com,Joyce,Chapman,pbkdf2:sha256:260000$j1AoMxuzvXYqzWwk$5b0ee6b3c737e403a15d86e197604a42d12bc9df3a53ab51fb26f974ba4cfb95,"4141 Morgan Highway North Rachel, SC 20693",8881
Johndistress@gmail.com,John,Freeman,pbkdf2:sha256:260000$vZ92gIu7OZhbXML4$7793912f9e43354423645ed8366530f6690adac616ea314b0bc57e3be9651304,"91945 Hunter Spring Shannonhaven, MI 88919",6834
Lavetaaffectlessness@gmail.com,Laveta,Iyo,pbkdf2:sha256:260000$i2LQYsqvEJnNNHA0$d696433e93abfa375a910fb23a1b9b1474ce52329fe641b571e8de465a3fb3e8,"726 Katherine Trace South Cassidyview, MO 99018",1799
Paulhokeday@gmail.com,Paul,Langham,pbkdf2:sha256:260000$GX8rhotDasT4CCjm$5736c68e19c2833cee0ce29fee2a9c13c3e118fe5683c566b6076208afe51415,"PSC 8634, Box 1451 APO AA 13796",1875
Michellejudokas@gmail.com,Michelle,Hance,pbkdf2:sha256:260000$dWLyCYdV15XcTimU$57e289e215cc9826afbad6d19e8f43ad6e8518f282a253894ca5ee6f08c50939,"068 Joshua Shoals North Michael, VT 02824",8890
Audreyratfinks@gmail.com,Audrey,Magana,pbkdf2:sha256:260000$lxoLFZCD5aGJUzv2$a52d8336a64bdf62c1a89b86a60c7085fe8bc3980696473e9d04706f4c94004b,"674 Craig Run Suite 781 North Joe, KY 02699",1376
Maryleedisavowal@gmail.com,Marylee,Hester,pbkdf2:sha256:260000$txylNPWqObkPCTls$e29a60a85651c1cc44db2a8c891a1e3f238adf8c737b6229b21e766cdb79d5ee,"016 Justin Via Apt. 619 Russellville, NE 23688",771
Nancyruffed@gmail.com,Nancy,Erwin,pbkdf2:sha256:260000$zloQP2qXLhzYwgNz$67fa36135da2cf92c0717b442d29b6b783017a1b87c7adba96b71d64e3fcce09,USNV Ponce FPO AE 01428,5712
Philipwispily@gmail.com,Philip,Brain,pbkdf2:sha256:260000$pTShXKylMVOmGbtK$62f503c73cdfd50691981ca3900ed155024e186f6b6479d916770f3420ae7bdd,"483 Michael Throughway Apt. 074 New Kevinton, OR 63866",1172
Marjoriecumene@gmail.com,Marjorie,White,pbkdf2:sha256:260000$CwPBYlOafBF9IOCJ$7a5dddd6bff7af9832d8da222cc43e98556d576b46c0b04ebf96c4ac3cb9e24f,"749 Krystal Ford Suite 730 South Barbarafurt, NV 15387",9351
Theresemegaplan@gmail.com,Therese,Sims,pbkdf2:sha256:260000$FJcI88jXXmy5tAfx$f7dbb60cb4b1eb6233c8fdade007e56b89a0f0859fc14d2a71bfe60cb07b9385,"43287 Jacobson Glen Suite 073 Lake Paulaton, MI 42541",8368
Rhondamoire@gmail.com,Rhonda,Cinotto,pbkdf2:sha256:260000$cZvY3FEGHG4j2RzQ$4276cca0e8614e67819bdb5946955f8aae05511583e7ea961aab1333e98a68cb,"7952 Susan Union Suite 988 West Gilbert, PA 00743",8902
Chesterurbanisation@gmail.com,Chester,Brown,pbkdf2:sha256:260000$dnnCjetKZGPiML4c$949c5c936831784845ce34928ca1f6386370179a9bf923cdaf9813b83883016d,"86605 Joseph Rapid Suite 927 East Aliciaville, NM 61546",8194
Cliffordbraais@gmail.com,Clifford,Pless,pbkdf2:sha256:260000$qPQpncGloQGAsSQy$f8356e41fc2dc3e3c3d37b65a4c77c9e332af3bf219acfbbc3cde955478356e5,"143 Nancy Knoll Suite 923 Port Charlene, KY 68490",8821
JoshuaJunker@gmail.com,Joshua,Patron,pbkdf2:sha256:260000$57Fu992A0ohtF7VM$44d6ae4dae5abb9dfa3b250cd9f87c74b0df6a832a0a786347b219cf18316769,"59719 Lori Forge South Arthurbury, TN 83035",7134
PatriciaReaders@gmail.com,Patricia,Lust,pbkdf2:sha256:260000$YHHSK3BVzzAphr64$96957ba80c3fe7bef961a9663c838d6fda21eeef3e1096a36a5ebab1c81276ab,"27179 Jones Mission North Christopher, SC 41680",9795
Maryshirp@gmail.com,Mary,Yoshino,pbkdf2:sha256:260000$LIEooLJ4E7G7WneJ$f852712159aed222e95e84477813e57c6d27e64e541ddcb56bcfe75e5f3a85b9,"898 Alejandra Ridges Suite 693 Port Chris, IA 05235",6596
TommyCannaregio@gmail.com,Tommy,Parks,pbkdf2:sha256:260000$TqTBwYj97TeoW8Al$3d55a0eb98f9f0d518c8035cf5aa765262a137040cd0451309cf1e02c6498715,"7621 Leah Route Amandaton, NJ 07602",4072
Teresathesauruses@gmail.com,Teresa,Mclaughlin,pbkdf2:sha256:260000$pu0ykHSDZb7Vma43$d13773c3b08bdcbde5276861015e71542af8f15278186f4529ed9522cfe03a33,"474 Jones Corner Apt. 579 Lake Michaelberg, NE 11831",2644
Raymonddwarfishly@gmail.com,Raymond,Munoz,pbkdf2:sha256:260000$dGcfPjXwk6Vq17py$0a351ba7ca1b6035f8b109c97aa3fa1938a73fca7730d1b1615abb5ae9bcd5cb,"1160 Sharp Turnpike Apt. 086 Port Stephanieside, TX 39408",4335
Edwardnullahs@gmail.com,Edward,Rodgers,pbkdf2:sha256:260000$tb2ArU0uaUWEV1Wg$3bb7473625540758a64a288d9aee96b63817f435256a674e59a6b999f6e2e814,Unit 6019 Box 7476 DPO AP 92615,3122
Miriamwashbag@gmail.com,Miriam,Hernadez,pbkdf2:sha256:260000$y9CmIfNBSkHWENfU$f0fb8c98782671f240054643a63975bf395884626b5fb88bc6cd42cb35911a47,"250 Norman Mews Apt. 778 Robertstad, CA 40593",785
Mariaseventy-eight@gmail.com,Maria,Ryan,pbkdf2:sha256:260000$YWmKJ9gzwJ184Umc$33ae60ca30644ace9067178f5041d2b9b5f7131921ffd9f23678a0e021a2367e,"984 Dennis Canyon New Amandaborough, MS 56811",6575
Robertinspiring@gmail.com,Robert,Elmore,pbkdf2:sha256:260000$7O9d5aARGhz7r9Gw$3822372bc427f1b219ad7f4742dc94857b49c3c8280dc7f0c0fb040134c12743,"840 Robert Dam Apt. 986 Carmenton, ND 77219",2692
Georgegloomth@gmail.com,George,Chang,pbkdf2:sha256:260000$CwXMcEn1cEQ6NMHe$19ff4c0cc05ebec9e89cb8087163a026cdc86b2a414334655d9d39caded67587,"9685 Anna Glens Lake Timothyborough, KY 97944",3290
Michealpalmæ@gmail.com,Micheal,Hill,pbkdf2:sha256:260000$RmxEqfT6g4sl7vgO$3406e95a58696affa41e30fb370350b83aa7b7c7369e5e82c44675b65bbe1c5c,"18615 Jennifer Mountain Shawfort, WY 81599",90
Lucilleskelet@gmail.com,Lucille,Burlin,pbkdf2:sha256:260000$Lono7iX6iFEZprv0$7fbd6a140e78853a4ef881848a65ff92699c725c6a19fd3e1831a169fdcefb92,"615 Xavier Prairie Suite 235 Mccartytown, NH 88540",2273
Antonystone-squarer@gmail.com,Antony,Gercak,pbkdf2:sha256:260000$jrVHTAONkj7KawYl$8a2d77015ee92c089a0c7a0d7fccade66a60bb20011d8aea7749eaf6d5048b3f,"0296 Flores Islands Joseland, TN 61282",5260
Ericinterpretations@gmail.com,Eric,Morris,pbkdf2:sha256:260000$HnICzRC3l8WNzN97$e888ba4c4b69828da91fb365fd8048b4d4e111cc49b559806f3af26dd17cabe4,USNV Vasquez FPO AA 63963,4398
Reginaunworthy@gmail.com,Regina,Rigdon,pbkdf2:sha256:260000$FL8tQERLBRe3crId$18177ddd4087c309be55fc14416b3300a9095a8e137acc8838005003bf669281,"9012 Padilla Field Apt. 883 Brownview, KS 28459",3643
Thomasmuropeptide@gmail.com,Thomas,Gerrity,pbkdf2:sha256:260000$6W7kFeWsCR17eOgn$dacb726435301ce396fd8ea0bfb90ce62499d5f2455abc6af99bd7b04684db08,USNV Reyes FPO AE 40683,7452
Harrietimbolden@gmail.com,Harriet,Wilson,pbkdf2:sha256:260000$4eNWQrDpQ8gSU6R8$0bf6807ee0b8f53534c71937a97322d356566b358738777403d947bab7808002,"65867 Sanchez Mountains East Stephenshire, MS 20076",4152
Theresavolvaria@gmail.com,Theresa,Peterson,pbkdf2:sha256:260000$W1NRpO051fy1srfh$e155e38657f5b9f29c6caac2af77bdb73b70e23b957ee9e83eb51642f102f1b0,"4918 Vanessa Isle Riceborough, AR 22284",8177
Jamesintegrants@gmail.com,James,Mock,pbkdf2:sha256:260000$JNgXQ5zqx1zCJ4JV$3f0d80f464a171fa0f3ba40eb7e3c7d2fb3a462d617b1bb58e42258f7d329d84,"143 James Coves Florestown, NY 83980",3802
Laurahaulage@gmail.com,Laura,Thayer,pbkdf2:sha256:260000$OlTIJT1H64YQvZFK$69e25fef1daab3c78569110e6e1b6bf7d34413f947cac8686d516fa2a3395c0a,Unit 6784 Box 1095 DPO AP 87819,5407
Mariocubless@gmail.com,Mario,Maicus,pbkdf2:sha256:260000$tCgc3V4y6pyLBYkO$472c2fcd81237921acb97f03c07a6169e02530df16424f80ebde63daff87930e,"92054 Angela Cove Johnville, CT 07124",2907
JeremyOonagh@gmail.com,Jeremy,Dumesnil,pbkdf2:sha256:260000$DUH4A2BczMB4sGm3$258fbbfd15a772c51b9b0ff0ef191afa23f83d169bd4e15cba0beff7b00c2cde,"5447 Christopher Trail Lake Sarahland, WI 01814",3074
Nicolewood-carving@gmail.com,Nicole,Hammer,pbkdf2:sha256:260000$2Warvvxaz5hU254f$8aa3e5d8af64e4f5c0ebd4123d5c77ef2cf392f8fd9da47d9ce36d46c24a62a7,"175 Rodriguez Square Apt. 194 New Mitchell, CO 19390",2887
Clayunharvested@gmail.com,Clay,Smith,pbkdf2:sha256:260000$0gi6MJrHtg5E5J09$786928d77510cc5757b7a11c715ae4791de4335bc0e0c0222355c773c4e691d9,"24607 Joshua Freeway South Megan, MT 48960",3932
Michellecordelier@gmail.com,Michelle,Laite,pbkdf2:sha256:260000$qdr6wh6ksLhm3Rlf$38756ab960be20e58a11ebbea2b099e583b0cde9093845b8827d380eec921a25,"14140 Sean Spring East David, CT 67693",9957
Aaronpseudoscope@gmail.com,Aaron,Leach,pbkdf2:sha256:260000$lWYcVOfTOmZUwIzp$0951d50a0591835cfac4495a55404e994b0028a881b38436855d394d2b13f014,"6060 Nancy Course Suite 647 Lake Michael, WY 72489",1426
Rosashreek@gmail.com,Rosa,Nelson,pbkdf2:sha256:260000$rgy4NFYWwGPWm7LW$183be0dfc6252506f04d205626583e9dabd8c1376a9b39b116cfd320c90c535a,"3722 Christopher Point Harperhaven, VA 74137",9498
Robertnatatorial@gmail.com,Robert,Lankford,pbkdf2:sha256:260000$GdfPOgElpLQSFCX5$b613400847b5817e13f57ec8433a649a6fcd9f2608d4755888024cdaead45587,"458 Brittany Mall Floresshire, ND 57063",7869
Nicholemesophilic@gmail.com,Nichole,Ashley,pbkdf2:sha256:260000$0IvT5hpdvjEEXUvb$655591b4974ec7a5141abefb100466dad04c04ecd24a846c601afc7a3c370528,"29507 Sandra Course Piercestad, NC 50763",8176
Bonniesuspenseful@gmail.com,Bonnie,Heller,pbkdf2:sha256:260000$7HdZAgJEPm2LhyL1$08e9d2ed28f4c23708602bf1508c6a144e19e1990af9feab9600a9ab8baf4ac9,"7835 Kelly Shores Apt. 977 Lake Gwendolynburgh, LA 73878",2085
Glennturnscrew@gmail.com,Glenn,Whittaker,pbkdf2:sha256:260000$LhSpRJ5pl2vYg9P9$d750a28acc3ff6b776f71507c983d569f7a7142ec0631c075e58d56719336dfe,"092 Scott Fields Suite 052 Russellbury, NE 93845",2187
Lloydnonrecreational@gmail.com,Lloyd,Miller,pbkdf2:sha256:260000$NEmgmdbdUdqcfTel$6e09dc98dae5368d6458a777c4e94b8dee4a3f7503b2dc650c3dbae903689388,"278 Jacqueline Circles East Julie, WV 67260",9466
Davidtampered@gmail.com,David,Bouldin,pbkdf2:sha256:260000$6dhGvvaBF3sqiPqC$a42c77855c714451fd240c2382cb9ffc03ee919b35b85fbb9cd8d92b335ad4da,"118 Shari Fields West Theresa, UT 83034",4368
Harveyteleported@gmail.com,Harvey,Standish,pbkdf2:sha256:260000$qMBa1D3l9rbrCXMb$76b4a96754547ef7ab2c71795332d7d1815a4a673159f2ac9608602e6473c379,Unit 1237 Box 3675 DPO AE 05934,1432
Danieltanookis@gmail.com,Daniel,Gutierrez,pbkdf2:sha256:260000$iAC6STuEzfuJlYp5$f341f328cbee48ef8ac3b14e68f374b24b473c59e776c937720d337c4c9f3383,"904 Justin Fields Apt. 196 Lake Samantha, KY 67756",4811
